{
  "ce": {
    "42": {
      "acc": 0.7666666507720947,
      "macro_f1": 0.7594818376068376,
      "weighted_f1": 0.765224358974359,
      "per_class_f1": [
        0.9230769230769231,
        0.8888888888888888,
        0.5384615384615384,
        0.6875
      ],
      "qwk": 0.9043715846994536,
      "ece": 0.12144476970036823,
      "sce": 0.13212423754545552,
      "pct_unimodal": 0.9833333333333333,
      "u_ece": 0.3716230144103368,
      "auroc_u": 0.6506211180124224,
      "mean_uncertainty": 0.6001876592636108,
      "mean_evidence": 0.0,
      "confusion_matrix": [
        [
          12,
          0,
          0,
          0
        ],
        [
          2,
          16,
          0,
          0
        ],
        [
          0,
          2,
          7,
          3
        ],
        [
          0,
          0,
          7,
          11
        ]
      ]
    },
    "123": {
      "acc": 0.6499999761581421,
      "macro_f1": 0.6201680672268908,
      "weighted_f1": 0.6070588235294118,
      "per_class_f1": [
        0.8,
        0.2857142857142857,
        0.5714285714285714,
        0.8235294117647058
      ],
      "qwk": 0.8659003831417624,
      "ece": 0.24751353462537132,
      "sce": 0.19265329483896493,
      "pct_unimodal": 0.9333333333333333,
      "u_ece": 0.47104831660787266,
      "auroc_u": 0.7765567765567766,
      "mean_uncertainty": 0.8210483193397522,
      "mean_evidence": 0.0,
      "confusion_matrix": [
        [
          12,
          0,
          0,
          0
        ],
        [
          6,
          3,
          9,
          0
        ],
        [
          0,
          0,
          10,
          2
        ],
        [
          0,
          0,
          4,
          14
        ]
      ]
    },
    "456": {
      "acc": 0.6833333373069763,
      "macro_f1": 0.6580263157894737,
      "weighted_f1": 0.6586315789473683,
      "per_class_f1": [
        0.75,
        0.48,
        0.56,
        0.8421052631578947
      ],
      "qwk": 0.8878394332939787,
      "ece": 0.11474361320336662,
      "sce": 0.13437938370431465,
      "pct_unimodal": 0.9166666666666666,
      "u_ece": 0.4135627374053002,
      "auroc_u": 0.7509627727856225,
      "mean_uncertainty": 0.730229377746582,
      "mean_evidence": 0.0,
      "confusion_matrix": [
        [
          12,
          0,
          0,
          0
        ],
        [
          8,
          6,
          4,
          0
        ],
        [
          0,
          1,
          7,
          4
        ],
        [
          0,
          0,
          2,
          16
        ]
      ]
    }
  },
  "cumulative": {
    "42": {
      "acc": 0.800000011920929,
      "macro_f1": 0.7896825396825397,
      "weighted_f1": 0.7952380952380952,
      "per_class_f1": [
        0.8571428571428571,
        0.7777777777777778,
        0.6666666666666666,
        0.8571428571428571
      ],
      "qwk": 0.9042145593869731,
      "ece": 0.19243589540322625,
      "sce": 0.12246110139725107,
      "pct_unimodal": 0.6833333333333333,
      "u_ece": 0.4449519495169322,
      "auroc_u": 0.6302083333333334,
      "mean_uncertainty": 0.6253794431686401,
      "mean_evidence": 0.0,
      "confusion_matrix": [
        [
          12,
          0,
          0,
          0
        ],
        [
          4,
          14,
          0,
          0
        ],
        [
          0,
          3,
          7,
          2
        ],
        [
          0,
          1,
          2,
          15
        ]
      ]
    },
    "123": {
      "acc": 0.7833333611488342,
      "macro_f1": 0.7779500964984837,
      "weighted_f1": 0.78311276537083,
      "per_class_f1": [
        0.8888888888888888,
        0.7741935483870968,
        0.6153846153846154,
        0.8333333333333334
      ],
      "qwk": 0.9161290322580645,
      "ece": 0.2543205708265305,
      "sce": 0.16747467704117297,
      "pct_unimodal": 0.45,
      "u_ece": 0.5364629556735356,
      "auroc_u": 0.6284779050736498,
      "mean_uncertainty": 0.7531297206878662,
      "mean_evidence": 0.0,
      "confusion_matrix": [
        [
          12,
          0,
          0,
          0
        ],
        [
          3,
          12,
          3,
          0
        ],
        [
          0,
          1,
          8,
          3
        ],
        [
          0,
          0,
          3,
          15
        ]
      ]
    },
    "456": {
      "acc": 0.6666666865348816,
      "macro_f1": 0.6567352002835873,
      "weighted_f1": 0.653520028358738,
      "per_class_f1": [
        0.7741935483870968,
        0.7428571428571429,
        0.5714285714285714,
        0.5384615384615384
      ],
      "qwk": 0.7354138398914518,
      "ece": 0.08260275622208914,
      "sce": 0.1377580419027557,
      "pct_unimodal": 0.6166666666666667,
      "u_ece": 0.2969411492347717,
      "auroc_u": 0.5,
      "mean_uncertainty": NaN,
      "mean_evidence": 0.0,
      "confusion_matrix": [
        [
          12,
          0,
          0,
          0
        ],
        [
          5,
          13,
          0,
          0
        ],
        [
          0,
          3,
          8,
          1
        ],
        [
          2,
          1,
          8,
          7
        ]
      ]
    }
  },
  "sord": {
    "42": {
      "acc": 0.7666666507720947,
      "macro_f1": 0.7536574007162242,
      "weighted_f1": 0.7609545374251255,
      "per_class_f1": [
        0.8888888888888888,
        0.7567567567567568,
        0.5454545454545454,
        0.8235294117647058
      ],
      "qwk": 0.8885976408912188,
      "ece": 0.2004235987861951,
      "sce": 0.13804563283920293,
      "pct_unimodal": 1.0,
      "u_ece": 0.4514595697323481,
      "auroc_u": 0.6956521739130435,
      "mean_uncertainty": 0.6791794300079346,
      "mean_evidence": 0.0,
      "confusion_matrix": [
        [
          12,
          0,
          0,
          0
        ],
        [
          3,
          14,
          1,
          0
        ],
        [
          0,
          4,
          6,
          2
        ],
        [
          0,
          1,
          3,
          14
        ]
      ]
    },
    "123": {
      "acc": 0.7666666507720947,
      "macro_f1": 0.765422077922078,
      "weighted_f1": 0.7661255411255411,
      "per_class_f1": [
        0.8571428571428571,
        0.75,
        0.6666666666666666,
        0.7878787878787878
      ],
      "qwk": 0.8883048620236531,
      "ece": 0.2611291522781054,
      "sce": 0.17482988318273177,
      "pct_unimodal": 1.0,
      "u_ece": 0.5212599764267604,
      "auroc_u": 0.6521739130434783,
      "mean_uncertainty": 0.7545932531356812,
      "mean_evidence": 0.0,
      "confusion_matrix": [
        [
          12,
          0,
          0,
          0
        ],
        [
          4,
          12,
          2,
          0
        ],
        [
          0,
          1,
          9,
          2
        ],
        [
          0,
          1,
          4,
          13
        ]
      ]
    },
    "456": {
      "acc": 0.6333333253860474,
      "macro_f1": 0.6277777777777778,
      "weighted_f1": 0.62,
      "per_class_f1": [
        0.6666666666666666,
        0.4444444444444444,
        0.6666666666666666,
        0.7333333333333333
      ],
      "qwk": 0.8484848484848485,
      "ece": 0.1957324673732122,
      "sce": 0.1549604409374297,
      "pct_unimodal": 1.0,
      "u_ece": 0.3963674932718277,
      "auroc_u": 0.6244019138755981,
      "mean_uncertainty": 0.7236009240150452,
      "mean_evidence": 0.0,
      "confusion_matrix": [
        [
          12,
          0,
          0,
          0
        ],
        [
          12,
          6,
          0,
          0
        ],
        [
          0,
          2,
          9,
          1
        ],
        [
          0,
          1,
          6,
          11
        ]
      ]
    }
  },
  "edl": {
    "42": {
      "acc": 0.7333333492279053,
      "macro_f1": 0.726833827709801,