{
  "ce": {
    "42": {
      "acc": 0.699999988079071,
      "macro_f1": 0.6939903846153846,
      "weighted_f1": 0.6989423076923077,
      "per_class_f1": [
        0.8,
        0.75,
        0.5384615384615384,
        0.6875
      ],
      "qwk": 0.884020618556701,
      "ece": 0.15468114415804543,
      "sce": 0.13140889401547612,
      "pct_unimodal": 0.9666666666666667,
      "u_ece": 0.30114138523737594,
      "auroc_u": 0.6256613756613757,
      "mean_uncertainty": 0.5968252420425415,
      "mean_evidence": 0.0,
      "confusion_matrix": [
        [
          12,
          0,
          0,
          0
        ],
        [
          6,
          12,
          0,
          0
        ],
        [
          0,
          2,
          7,
          3
        ],
        [
          0,
          0,
          7,
          11
        ]
      ]
    },
    "123": {
      "acc": 0.6499999761581421,
      "macro_f1": 0.6320883675809155,
      "weighted_f1": 0.622806243936855,
      "per_class_f1": [
        0.8275862068965517,
        0.34782608695652173,
        0.5294117647058824,
        0.8235294117647058
      ],
      "qwk": 0.8641655886157826,
      "ece": 0.2281329850355784,
      "sce": 0.20029933076972764,
      "pct_unimodal": 0.95,
      "u_ece": 0.47382557541131975,
      "auroc_u": 0.7680097680097681,
      "mean_uncertainty": 0.8238255977630615,
      "mean_evidence": 0.0,
      "confusion_matrix": [
        [
          12,
          0,
          0,
          0
        ],
        [
          5,
          4,
          9,
          0
        ],
        [
          0,
          1,
          9,
          2
        ],
        [
          0,
          0,
          4,
          14
        ]
      ]
    },
    "456": {
      "acc": 0.6833333373069763,
      "macro_f1": 0.6580263157894737,
      "weighted_f1": 0.6586315789473683,
      "per_class_f1": [
        0.75,
        0.48,
        0.56,
        0.8421052631578947
      ],
      "qwk": 0.8878394332939787,
      "ece": 0.14963512867689133,
      "sce": 0.1315694918856025,
      "pct_unimodal": 0.9333333333333333,
      "u_ece": 0.41340962002674736,
      "auroc_u": 0.7650834403080873,
      "mean_uncertainty": 0.730076253414154,
      "mean_evidence": 0.0,
      "confusion_matrix": [
        [
          12,
          0,
          0,
          0
        ],
        [
          8,
          6,
          4,
          0
        ],
        [
          0,
          1,
          7,
          4
        ],
        [
          0,
          0,
          2,
          16
        ]
      ]
    }
  },
  "cumulative": {
    "42": {
      "acc": 0.7333333492279053,
      "macro_f1": 0.7251685654498954,
      "weighted_f1": 0.7293327133224832,
      "per_class_f1": [
        0.8,
        0.7272727272727273,
        0.6086956521739131,
        0.7647058823529411
      ],
      "qwk": 0.8805031446540881,
      "ece": 0.18659035166104634,
      "sce": 0.1412731397120903,
      "pct_unimodal": 0.6166666666666667,
      "u_ece": 0.4333833505709966,
      "auroc_u": 0.5397727272727273,
      "mean_uncertainty": 0.6591169834136963,
      "mean_evidence": 0.0,
      "confusion_matrix": [
        [
          12,
          0,
          0,
          0
        ],
        [
          6,
          12,
          0,
          0
        ],
        [
          0,
          2,
          7,
          3
        ],
        [
          0,
          1,
          4,
          13
        ]
      ]
    },
    "123": {
      "acc": 0.7666666507720947,
      "macro_f1": 0.7620370370370371,
      "weighted_f1": 0.7662962962962963,
      "per_class_f1": [
        0.8888888888888888,
        0.7333333333333333,
        0.5925925925925926,
        0.8333333333333334
      ],
      "qwk": 0.9095607235142119,
      "ece": 0.23918856034676236,
      "sce": 0.17568760461484392,
      "pct_unimodal": 0.5,
      "u_ece": 0.519027504324913,
      "auroc_u": 0.6521739130434783,
      "mean_uncertainty": 0.7523607015609741,
      "mean_evidence": 0.0,
      "confusion_matrix": [
        [
          12,
          0,
          0,
          0
        ],
        [
          3,
          11,
          4,
          0
        ],
        [
          0,
          1,
          8,
          3
        ],
        [
          0,
          0,
          3,
          15
        ]
      ]
    },
    "456": {
      "acc": 0.6333333253860474,
      "macro_f1": 0.6282985452245414,
      "weighted_f1": 0.6273700189753321,
      "per_class_f1": [
        0.7058823529411765,
        0.5806451612903226,
        0.56,
        0.6666666666666666
      ],
      "qwk": 0.7950310559006211,
      "ece": 0.18319986512263614,
      "sce": 0.14689903148294736,
      "pct_unimodal": 0.5833333333333334,
      "u_ece": 0.28819614003101984,
      "auroc_u": 0.5,
      "mean_uncertainty": NaN,
      "mean_evidence": 0.0,
      "confusion_matrix": [
        [
          12,
          0,
          0,
          0
        ],
        [
          9,
          9,
          0,
          0
        ],
        [
          0,
          3,
          7,
          2
        ],
        [
          1,
          1,
          6,
          10
        ]
      ]
    }
  },
  "sord": {
    "42": {
      "acc": 0.7166666388511658,
      "macro_f1": 0.7003985552372649,
      "weighted_f1": 0.7059160543031511,
      "per_class_f1": [
        0.7741935483870968,
        0.6451612903225806,
        0.5714285714285714,
        0.8108108108108109
      ],
      "qwk": 0.8798076923076923,
      "ece": 0.19977489958206812,
      "sce": 0.15706512027730546,
      "pct_unimodal": 1.0,
      "u_ece": 0.43760573764642086,
      "auroc_u": 0.5841313269493844,
      "mean_uncertainty": 0.7209389805793762,
      "mean_evidence": 0.0,
      "confusion_matrix": [
        [
          12,
          0,
          0,
          0
        ],
        [
          7,
          10,
          1,
          0
        ],
        [
          0,
          2,
          6,
          4
        ],
        [
          0,
          1,
          2,
          15
        ]
      ]
    },
    "123": {
      "acc": 0.7333333492279053,
      "macro_f1": 0.7327304639804639,
      "weighted_f1": 0.7275305250305251,
      "per_class_f1": [
        0.8888888888888888,
        0.875,
        0.6285714285714286,
        0.5384615384615384
      ],
      "qwk": 0.8833819241982507,
      "ece": 0.34032820661862695,
      "sce": 0.19594529854754608,
      "pct_unimodal": 1.0,
      "u_ece": 0.6525110393762589,
      "auroc_u": 0.4829545454545454,
      "mean_uncertainty": 0.919177770614624,
      "mean_evidence": 0.0,
      "confusion_matrix": [
        [
          12,
          0,
          0,
          0
        ],
        [
          3,
          14,
          1,
          0
        ],
        [
          0,
          0,
          11,
          1
        ],
        [
          0,
          0,
          11,
          7
        ]
      ]
    },
    "456": {
      "acc": 0.6666666865348816,
      "macro_f1": 0.6626063591580833,
      "weighted_f1": 0.6599552171965966,
      "per_class_f1": [
        0.8,
        0.5714285714285714,
        0.5517241379310345,
        0.7272727272727273
      ],
      "qwk": 0.852752880921895,
      "ece": 0.1409601146976153,
      "sce": 0.13649019738659265,
      "pct_unimodal": 1.0,
      "u_ece": 0.3944234415888786,
      "auroc_u": 0.7125,
      "mean_uncertainty": 0.7277567386627197,
      "mean_evidence": 0.0,
      "confusion_matrix": [
        [
          12,
          0,
          0,
          0
        ],
        [
          6,
          8,
          4,
          0
        ],
        [
          0,
          1,
          8,
          3
        ],
        [
          0,
          1,
          5,
          12
        ]
      ]
    }
  },
  "edl": {
    "42": {
      "acc": 0.5833333134651184,
      "macro_f1": 0.5747619047619047,
      "weighted_f1": 0.5731428571428571,